[{"fields": {"updated": "2017-02-08T14:39:35.482Z", "subtitle": "Hamburg auf dem Weg zur\u00fcck zur gr\u00fcnen Gro\u00dfstadt", "description": "In einem der gr\u00f6\u00dften Infrastrukturprojekte Deutschlands setzt Hamburg der A7 drei gr\u00fcne Deckel auf. Damit sollen die Belastungen f\u00fcr die AnwohnerInnen zur\u00fcckgehen und neuer lebenswerter Stadtraum auf und neben der A7 geschaffen werden.", "created": "2016-12-31T12:31:04.152Z", "image": "stories/images/13-11-18-schnelsen-13-portal-nord.jpg", "explanation": "Eine interaktive Reise von Autos, L\u00e4rm, Abgasen und der neuen \"gr\u00fcnen Lunge\" Hamburgs...", "slug": "der-hamburger-deckel", "name": "Der Hamburger Deckel"}, "model": "stories.story", "pk": 1}, {"fields": {"updated": "2017-02-23T19:35:16.273Z", "subtitle": "", "description": "Informationen und Geschichten zu den mehr als 10.000 Denkm\u00e4ler der Stadt Hamburg.", "created": "2017-01-11T09:38:21.141Z", "image": "stories/images/20131019_175538.jpg", "explanation": "", "slug": "hamburgs-denkmaler", "name": "Hamburgs Denkm\u00e4ler"}, "model": "stories.story", "pk": 2}, {"fields": {"updated": "2017-02-23T11:32:13.751Z", "imageBounds": "", "cameraOptions": "{\r\n    \"pitch\" : 40\r\n}", "name": "Einf\u00fchrung", "fullText": "[\"Nach der Elbphilharmonie macht sich Hamburg bereit f\u00fcr ein n\u00e4chstes Bauprojekt der ambitionierteren Art. Die A7 bekommt begr\u00fcnte Deckel.\", \"Wo heute Asphalt Stadtteile durchtrennt sollen Gr\u00fcnfl\u00e4chen entstehen, die die Autobahn \u00fcberdeckeln.\", \"Was bedeutet das f\u00fcr Hamburg und seine B\u00fcrger? Schauen wir es uns an:\"]", "created": "2016-12-31T12:39:37.499Z", "wms": "[\"http://geodienste.hamburg.de/HH_WMS_Strassenverkehr?format=image/png&service=WMS&version=1.3.0&request=GetMap&crs=EPSG:25832&layers=1&styles=default&width=512&height=512&transparent=true\", \"1.4\", \"water\"]", "text": "", "image": "", "audio": "[\"deckelStory_1.0\"]", "bounds": "[[9.778591247233322,53.52767940064274],[10.077798133271386,53.676417597173696]]", "typeName": "anchor", "time": 18000.0, "lat": null, "lng": null, "identifier": 1.0, "data": "lng\":9.778591247233322,\"lat\":53.52767940064274},\"_ne\":{\"lng\":10.077798133271386,\"lat\":53.676417597173696}}", "opactiy": null, "keepText": false, "keepImg": false}, "model": "stories.basestep", "pk": 1}, {"fields": {"updated": "2017-02-23T11:31:03.697Z", "imageBounds": "", "cameraOptions": "", "name": "Die A7", "fullText": "[\"N\u00f6rdlich des Elbtunnels durchzieht die A7 auf einer L\u00e4nge von insgesamt 12 km Hamburg.\"] \r\n", "created": "2016-12-31T13:06:42.025Z", "wms": "", "text": "", "image": "", "audio": "[\"deckelStory_1.1\"]", "bounds": "", "typeName": "line", "time": 5500.0, "lat": null, "lng": null, "identifier": 1.1, "data": "{\r\n                        \"type\": \"Feature\",\r\n                        \"properties\": {},\r\n                        \"geometry\": {\r\n                            \"type\": \"LineString\",\r\n                            \"coordinates\":[\r\n          [\r\n            9.897308349609375,\r\n            53.55387268013286\r\n          ],\r\n          [\r\n            9.897415637969969,\r\n            53.55628184903635\r\n          ],\r\n          [\r\n            9.897737503051758,\r\n            53.55800259998331\r\n          ],\r\n          [\r\n            9.898102283477783,\r\n            53.55993995432705\r\n          ],\r\n          [\r\n            9.898552894592285,\r\n            53.56180075062204\r\n          ],\r\n          [\r\n            9.899153709411621,\r\n            53.56387811827643\r\n          ],\r\n          [\r\n            9.900033473968506,\r\n            53.56633769162268\r\n          ],\r\n          [\r\n            9.90243673324585,\r\n            53.570683013071374\r\n          ],\r\n          [\r\n            9.903488159179688,\r\n            53.57218656871314\r\n          ],\r\n          [\r\n            9.904754161834717,\r\n            53.573702812209376\r\n          ],\r\n          [\r\n            9.905741214752197,\r\n            53.57460743579337\r\n          ],\r\n          [\r\n            9.906642436981201,\r\n            53.57516803787825\r\n          ],\r\n          [\r\n            9.90741491317749,\r\n            53.5757031511163\r\n          ],\r\n          [\r\n            9.908552169799805,\r\n            53.57625099812934\r\n          ],\r\n          [\r\n            9.91016149520874,\r\n            53.57698994332018\r\n          ],\r\n          [\r\n            9.911277294158936,\r\n            53.57753777365912\r\n          ],\r\n          [\r\n            9.912221431732178,\r\n            53.57811107687723\r\n          ],\r\n          [\r\n            9.913573265075684,\r\n            53.57924492034857\r\n          ],\r\n          [\r\n            9.914689064025879,\r\n            53.580289558203376\r\n          ],\r\n          [\r\n            9.91565465927124,\r\n            53.581639905469714\r\n          ],\r\n          [\r\n            9.916083812713623,\r\n            53.58291377844248\r\n          ],\r\n          [\r\n            9.916212558746338,\r\n            53.583614392213576\r\n          ],\r\n          [\r\n            9.9161696434021,\r\n            53.584480589548534\r\n          ],\r\n          [\r\n            9.916040897369385,\r\n            53.585410458106736\r\n          ],\r\n          [\r\n            9.915783405303955,\r\n            53.58642946864883\r\n          ],\r\n          [\r\n            9.915783405303955,\r\n            53.586900752715245\r\n          ],\r\n          [\r\n            9.91567611694336,\r\n            53.58756308900653\r\n          ],\r\n          [\r\n            9.915761947631836,\r\n            53.58827636263461\r\n          ],\r\n          [\r\n            9.915933609008789,\r\n            53.58888773044843\r\n          ],\r\n          [\r\n            9.916341304779053,\r\n            53.589575508666925\r\n          ],\r\n          [\r\n            9.91692066192627,\r\n            53.590212330369916\r\n          ],\r\n          [\r\n            9.917693138122559,\r\n            53.5908491424761\r\n          ],\r\n          [\r\n            9.918057918548584,\r\n            53.59116754493037\r\n          ],\r\n          [\r\n            9.919581413269043,\r\n            53.592033587468116\r\n          ],\r\n          [\r\n            9.920439720153809,\r\n            53.592695843314424\r\n          ],\r\n          [\r\n            9.921512603759766,\r\n            53.59351091318398\r\n          ],\r\n          [\r\n            9.92213487625122,\r\n            53.59409673494106\r\n          ],\r\n          [\r\n            9.922606945037842,\r\n            53.594784428378695\r\n          ],\r\n          [\r\n            9.92290735244751,\r\n            53.59524288445199\r\n          ],\r\n          [\r\n            9.923121929168701,\r\n            53.595752274254444\r\n          ],\r\n          [\r\n            9.923250675201416,\r\n            53.59623618887808\r\n          ],\r\n          [\r\n            9.923229217529295,\r\n            53.596783769793795\r\n          ],\r\n          [\r\n            9.923186302185059,\r\n            53.59728040681221\r\n          ],\r\n          [\r\n            9.922950267791748,\r\n            53.59842646995717\r\n          ],\r\n          [\r\n            9.922692775726318,\r\n            53.599419699533634\r\n          ],\r\n          [\r\n            9.922370910644531,\r\n            53.600361972673085\r\n          ],\r\n          [\r\n            9.922027587890625,\r\n            53.60111322944086\r\n          ],\r\n          [\r\n            9.92140531539917,\r\n            53.60239924814865\r\n          ],\r\n          [\r\n            9.921083450317383,\r\n            53.603074073984935\r\n          ],\r\n          [\r\n            9.91966724395752,\r\n            53.605225805122735\r\n          ],\r\n          [\r\n            9.918851852416992,\r\n            53.60661354989448\r\n          ],\r\n          [\r\n            9.918229579925537,\r\n            53.608077634852535\r\n          ],\r\n          [\r\n            9.917714595794678,\r\n            53.60924886627353\r\n          ],\r\n          [\r\n            9.91715669631958,\r\n            53.61029276255145\r\n          ],\r\n          [\r\n            9.916727542877197,\r\n            53.61104384269007\r\n          ],\r\n          [\r\n            9.916255474090576,\r\n            53.611667610955266\r\n          ],\r\n          [\r\n            9.915611743927002,\r\n            53.612456855554164\r\n          ],\r\n          [\r\n            9.913884401321411,\r\n            53.61460174416941\r\n          ],\r\n          [\r\n            9.913358688354492,\r\n            53.61526364625067\r\n          ],\r\n          [\r\n            9.912768602371216,\r\n            53.61614192337648\r\n          ],\r\n          [\r\n            9.912554025650024,\r\n            53.61677834465929\r\n          ],\r\n          [\r\n            9.912500381469725,\r\n            53.61745930480691\r\n          ],\r\n          [\r\n            9.912521839141846,\r\n            53.61793024278297\r\n          ],\r\n          [\r\n            9.91267204284668,\r\n            53.618515725913724\r\n          ],\r\n          [\r\n            9.91292953491211,\r\n            53.61904392655324\r\n          ],\r\n          [\r\n            9.913294315338135,\r\n            53.61956575683938\r\n          ],\r\n          [\r\n            9.913809299468994,\r\n            53.620132126312996\r\n          ],\r\n          [\r\n            9.914388656616211,\r\n            53.6207239424752\r\n          ],\r\n          [\r\n            9.915032386779785,\r\n            53.62136029468206\r\n          ],\r\n          [\r\n            9.917521476745605,\r\n            53.62330747284169\r\n          ],\r\n          [\r\n            9.918755292892456,\r\n            53.624414651733005\r\n          ],\r\n          [\r\n            9.91939902305603,\r\n            53.62510185160857\r\n          ],\r\n          [\r\n            9.92010712623596,\r\n            53.62591629623076\r\n          ],\r\n          [\r\n            9.920772314071655,\r\n            53.62684525293979\r\n          ],\r\n          [\r\n            9.92139458656311,\r\n            53.62792052660977\r\n          ],\r\n          [\r\n            9.921845197677612,\r\n            53.62886216388864\r\n          ],\r\n          [\r\n            9.922327995300291,\r\n            53.63025549401468\r\n          ],\r\n          [\r\n            9.92266058921814,\r\n            53.63131795684554\r\n          ],\r\n          [\r\n            9.922939538955688,\r\n            53.63225315648008\r\n          ],\r\n          [\r\n            9.923368692398071,\r\n            53.63345552555221\r\n          ],\r\n          [\r\n            9.923561811447144,\r\n            53.63412349356422\r\n          ],\r\n          [\r\n            9.924087524414062,\r\n            53.63537670025266\r\n          ],\r\n          [\r\n            9.92442011833191,\r\n            53.63607008288035\r\n          ],\r\n          [\r\n            9.924924373626709,\r\n            53.636954288230456\r\n          ],\r\n          [\r\n            9.925278425216675,\r\n            53.63759675675147\r\n          ],\r\n          [\r\n            9.92591142654419,\r\n            53.638449125627325\r\n          ],\r\n          [\r\n            9.92641568183899,\r\n            53.63920606563773\r\n          ],\r\n          [\r\n            9.928014278411865,\r\n            53.64126054862601\r\n          ],\r\n          [\r\n            9.928797483444214,\r\n            53.642443580113465\r\n          ],\r\n          [\r\n            9.929151535034178,\r\n            53.643047803823706\r\n          ],\r\n          [\r\n            9.929505586624146,\r\n            53.643753780561475\r\n          ],\r\n          [\r\n            9.929924011230469,\r\n            53.644854063086335\r\n          ],\r\n          [\r\n            9.930181503295898,\r\n            53.645782602882164\r\n          ],\r\n          [\r\n            9.930331707000732,\r\n            53.646558490319755\r\n          ],\r\n          [\r\n            9.93040680885315,\r\n            53.647308925244104\r\n          ],\r\n          [\r\n            9.93040680885315,\r\n            53.64806570626184\r\n          ],\r\n          [\r\n            9.930438995361328,\r\n            53.6489496601693\r\n          ],\r\n          [\r\n            9.930492639541626,\r\n            53.65060304938581\r\n          ],\r\n          [\r\n            9.930599927902222,\r\n            53.65162048744852\r\n          ],\r\n          [\r\n            9.930717945098877,\r\n            53.652606107159066\r\n          ]\r\n        ]\r\n                        }\r\n                    }", "opactiy": null, "keepText": false, "keepImg": false}, "model": "stories.basestep", "pk": 2}, {"fields": {"updated": "2017-02-23T11:30:43.521Z", "imageBounds": "", "cameraOptions": "", "name": "Betroffene Stadtteile", "fullText": "[\"Sie durchquert die Stadtteile Othmarschen, Gro\u00df Flottbek, Bahrenfeld, Stellingen, Eidelstedt und Schnelsen.\"]", "created": "2017-01-01T10:17:25.696Z", "wms": "", "text": "", "image": "", "audio": "[\"deckelStory_1.2\"]", "bounds": "", "typeName": "quarters", "time": 6949.0, "lat": null, "lng": null, "identifier": 1.2, "data": "[\"Othmarschen\", \"Gro\u00df Flottbek\", \"Bahrenfeld\", \"Stellingen\", \"Eidelstedt\", \"Schnelsen\"]", "opactiy": null, "keepText": false, "keepImg": false}, "model": "stories.basestep", "pk": 3}, {"fields": {"updated": "2017-02-23T12:59:28.954Z", "imageBounds": "", "cameraOptions": "", "name": "Verkehrbelastung", "fullText": "[\"Bis zu 152.000 Fahrzeuge fahren so t\u00e4glich durch Hamburg.\", \"Bereits jetzt beklagen Anwohner, dass die Grenze des Belastbaren \u00fcberschritten sei.\", \"Verkehrsexperten gehen jedoch  davon aus, dass die Anzahl der Autos, die die A7 befahren noch stark steigen wird.\", \"Sie erwarten, dass 2026 165.000 Autos t\u00e4glich die A7 befahren. Das w\u00e4ren noch einmal knapp 10 Prozent mehr Autos als bereits heute.\"]", "created": "2017-01-01T10:20:22.708Z", "wms": "", "text": "[\"2016 - Autos t\u00e4glich:\", \"2026 - Autos t\u00e4glich:\"]", "image": "", "audio": "[\"deckelStory_1.3.1\", \"deckelStory_1.3.2\"]", "bounds": "", "typeName": "graphic", "time": 28000.0, "lat": null, "lng": null, "identifier": 1.3, "data": "[\"directions_car\", [152,165]]", "opactiy": null, "keepText": false, "keepImg": false}, "model": "stories.basestep", "pk": 5}, {"fields": {"updated": "2017-02-23T11:29:47.754Z", "imageBounds": "", "cameraOptions": "", "name": "Geschichte", "fullText": "[\"Ein Blick in die Geschichte der Stadt zeigt jedoch, dass die Vision eigentlich eine andere war.\", \"F\u00fcr Altona wird vor rund 100 Jahren das Konzept einer gr\u00fcnen Gro\u00dfstadt entwickelt.\"]", "created": "2017-01-01T10:48:46.336Z", "wms": "", "text": "[\"Gr\u00fcng\u00fcrtelplan 1925\"]", "image": "stories/images/Gr\u00fcng\u00fcrtelplan1925ohnebeschrift.png", "audio": "[\"deckelStory_2.0\"]", "bounds": "[[9.759570,53.452318],[10.202578,53.662808]]", "typeName": "anchor", "time": 10300.0, "lat": null, "lng": null, "identifier": 2.0, "data": "", "opactiy": null, "keepText": false, "keepImg": false}, "model": "stories.basestep", "pk": 6}, {"fields": {"updated": "2017-02-23T11:28:04.401Z", "imageBounds": "", "cameraOptions": "", "name": "Die A7 bekommt einen Deckel", "fullText": "[\"Die Bem\u00fchungen der Initiativen zeigten Wirkung. Der Bund, der f\u00fcr den Betrieb der Autobahnen zust\u00e4ndig ist, reagierte letztlich.\", \"Um das enorme Verkehrsaufkommens zu bew\u00e4ltigen ist jetzt ein Ausbau der A7 auf 6 bzw. in manchen Bereichen 8 Spuren geplant.\", \"Allein in Hamburg werden hierf\u00fcr 790 Mio. Euro investiert.\"]", "created": "2017-01-01T10:49:06.657Z", "wms": "", "text": "", "image": "", "audio": "[\"deckelStory_3.0\"]", "bounds": "[[9.759570,53.452318],[10.202578,53.662808]]", "typeName": "anchor", "time": 20300.0, "lat": null, "lng": null, "identifier": 3.0, "data": "", "opactiy": null, "keepText": false, "keepImg": false}, "model": "stories.basestep", "pk": 7}, {"fields": {"updated": "2017-02-23T13:03:57.385Z", "imageBounds": "", "cameraOptions": "", "name": "Einf\u00fchrung", "fullText": "[\"Als L\u00e4rmschutz werden die drei Deckel \u00fcber die A7 gebaut. Die drei Deckel zusammen genommen sind knapp 3,7 Kilometer lang.\"]", "created": "2017-01-09T16:07:26.280Z", "wms": "", "text": "[\"Visualisierung eines Autobahndeckels\"]", "image": "stories/images/laermschutz-bild.jpg", "audio": "[\"deckelStory_3.4\"]", "bounds": "", "typeName": "text", "time": 8300.0, "lat": null, "lng": null, "identifier": 3.4, "data": "", "opactiy": null, "keepText": false, "keepImg": true}, "model": "stories.basestep", "pk": 8}, {"fields": {"updated": "2017-02-23T19:32:38.247Z", "imageBounds": "", "cameraOptions": "", "name": "Details Altona", "fullText": "[\"Der Bau des Altonaer Deckels soll voraussichtlich im Jahr 2020 starten.\"]", "created": "2017-01-09T16:15:54.829Z", "wms": "", "text": "[\"Der Deckel Altona, H\u00f6he Behringstra\u00dfe\"]", "image": "stories/images/visualisierung-altona-20160909_HRfZZdq.jpg", "audio": "[\"deckelStory_3.7\"]", "bounds": "[[9.89742636680603,53.557569232264214],[9.907940626144407,53.57594522392763]]", "typeName": "markerText", "time": 8000.0, "lat": 53.5693195732, "lng": 9.90188956261, "identifier": 3.7, "data": "[\"L\u00e4nge: 2230m\", \"Anzahl der Fahrstreifen: 8\", \"Bauzeit: 5 Jahre\", \"Kosten: 340 Mio. EUR\"]", "opactiy": null, "keepText": false, "keepImg": false}, "model": "stories.basestep", "pk": 9}, {"fields": {"updated": "2017-02-23T11:26:51.290Z", "imageBounds": "", "cameraOptions": "", "name": "Vision", "fullText": "[\"Zusammen genommen bieten die drei Deckel eine Fl\u00e4che von rund 200.000 Quadratmetern. Das entspricht der Fl\u00e4che der Binnenalster.\", \"Viel Platz f\u00fcr Kleing\u00e4rten, Sportanlagen, Fu\u00df- und Radwege sowie \u00f6ffentliche Parks.\"]", "created": "2017-01-10T17:31:12.295Z", "wms": "", "text": "[\"Schnelsen: 29.000 qm\", \"Stellingen 54.300 qm\", \"Altona: 135.000qm\"]", "image": "", "audio": "[\"deckelStory_4.0\"]", "bounds": "[[9.759570,53.452318],[10.202578,53.662808]]", "typeName": "anchor", "time": 13400.0, "lat": null, "lng": null, "identifier": 4.0, "data": "", "opactiy": null, "keepText": false, "keepImg": false}, "model": "stories.basestep", "pk": 12}, {"fields": {"updated": "2017-02-23T11:29:58.691Z", "imageBounds": "", "cameraOptions": "", "name": "L\u00e4rmkarte", "fullText": "[\"Der starke Verkehr f\u00fchrt zu Staus und Unf\u00e4llen, die Anwohner leiden unter L\u00e4rm und Abgasen.\"]", "created": "2017-01-12T15:14:59.176Z", "wms": "", "text": "", "image": "", "audio": "[\"deckelStory_1.4\"]", "bounds": "", "typeName": "wms", "time": 6000.0, "lat": null, "lng": null, "identifier": 1.4, "data": "[\"http://geodienste.hamburg.de/HH_WMS_Strassenverkehr?format=image/png&service=WMS&version=1.3.0&request=GetMap&crs=EPSG:25832&layers=1&styles=default&width=512&height=512&transparent=true\", \"water\", { \"title\" : \"L\u00e4rmpegel\", \"desc\": \"Die Karte zeigt die durchschnittlichen L\u00e4rmwerte des Verkehrs in Hamburg (Daten: Geoportal Hamburg).\", \"entries\" : [[\"55-60 Dezibel\", \"#E07D16\"],[\"60-65 Dezibel\", \"#DC0700\"],[\"65-70 Dezibel\", \"#7F0200\"],[\"70-75 Dezibel\", \"#BA20A7\"],[\"\u00fcber 75 Dezibel\", \"#2686A8\"]]}]", "opactiy": null, "keepText": false, "keepImg": false}, "model": "stories.basestep", "pk": 14}, {"fields": {"updated": "2017-02-23T22:24:32.668Z", "imageBounds": "", "cameraOptions": "", "name": "Kosten Deckel", "fullText": "[\"F\u00fcr die Kosten des Umbaus der A7 als Bundesautobahn muss der Bund aufkommen. Dies umfasst auch die erforderlichen L\u00e4rmschutzma\u00dfnahmen.\", \"Da der Bau der Deckel jedoch weit \u00fcber die erforderlichen L\u00e4rmschutzma\u00dfnahmen wie sie im Gesetz geregelt sind hinaus geht, wird auch die Stadt Hamburg einen Teil der Kosten \u00fcbernehmen.\"]  ", "created": "2017-01-12T15:39:58.316Z", "wms": "", "text": "", "image": "", "audio": "[\"deckelStory_3.8\"]", "bounds": "[[9.778591247233322,53.52767940064274],[10.077798133271386,53.676417597173696]]", "typeName": "d3Graphic", "time": 18000.0, "lat": 53.591237, "lng": 9.891422, "identifier": 3.8, "data": "{ \r\n    \"functions\": [\"cost\"], \r\n    \"data\" :[\r\n        {\"area\": \"Stellingen \", \"value\": 890, \"dauer\": 5, \"anzFahrstreifen\": 3, \"baubeginn\": 2003  },\r\n        {\"area\": \"Altona\", \"value\": 2230, \"dauer\": 5, \"anzFahrstreifen\": 4, \"baubeginn\": 2009},\r\n        {\"area\": \"Schnelsen \", \"value\": 560, \"dauer\": 4, \"anzFahrstreifen\": 5, \"baubeginn\": 2006}\r\n    ]\r\n}", "opactiy": null, "keepText": false, "keepImg": false}, "model": "stories.basestep", "pk": 20}, {"fields": {"updated": "2017-02-02T15:29:35.392Z", "imageBounds": "", "cameraOptions": "", "name": "Schnelsen", "fullText": "", "created": "2017-01-12T15:40:26.686Z", "wms": "", "text": "", "image": "", "audio": "", "bounds": "", "typeName": "polygon", "time": 0.0, "lat": null, "lng": null, "identifier": 3.1, "data": "{\r\n                        \"type\": \"Feature\",\r\n                        \"properties\": {},\r\n                        \"geometry\": {\r\n                            \"type\": \"Polygon\",\r\n                            \"coordinates\": [[                          \r\n                               [9.921834468841551, 53.62822592478627],\r\n                               [9.9221670627594, 53.62930752555257],\r\n                               [9.922446012496948, 53.629892850876594],\r\n                               [9.922617673873901, 53.63047816808135],\r\n                               [9.922767877578735, 53.63105075314268],\r\n                               [9.923003911972046, 53.63168694965337],\r\n                               [9.92337942123413, 53.632857526169715],\r\n                               [9.922864437103271, 53.6329593138972],\r\n                               [9.922617673873901, 53.63183963538856],\r\n                               [9.922252893447876, 53.63064358234165],\r\n                               [9.921866655349731, 53.629383872794435],\r\n                               [9.921566247940063, 53.628709467378954],\r\n                               [9.921276569366455, 53.628175025243685],\r\n                               [9.921834468841551, 53.62822592478627]\r\n                            ]]\r\n                        }\r\n                    }", "opactiy": null, "keepText": false, "keepImg": false}, "model": "stories.basestep", "pk": 21}, {"fields": {"updated": "2017-02-08T15:59:59.421Z", "imageBounds": "", "cameraOptions": "", "name": "Stellingen", "fullText": "", "created": "2017-01-12T15:41:22.986Z", "wms": "", "text": "", "image": "", "audio": "", "bounds": "", "typeName": "polygon", "time": 0.0, "lat": null, "lng": null, "identifier": 3.2, "data": "{\r\n                        \"type\": \"Feature\",\r\n                        \"properties\": {},\r\n                        \"geometry\": {\r\n                            \"type\": \"Polygon\",\r\n                            \"coordinates\": [[   \r\n                               [9.92512822151184, 53.59473348850792],\r\n                               [9.924269914627075, 53.5953192933139],\r\n                               [9.924012422561644, 53.59586688611359],\r\n                               [9.923819303512573, 53.59688564452994],\r\n                               [9.92364764213562, 53.597369546171876],\r\n                               [9.923433065414429, 53.598439203817485],\r\n                               [9.92316484451294, 53.599610702544155],\r\n                               [9.922993183135986, 53.60032377281948],\r\n                               [9.92215633392334, 53.60223372318374],\r\n                               [9.921126365661621, 53.60391440806693],\r\n                               [9.920525550842285, 53.603608833971556],\r\n                               [9.921555519104004, 53.6019281369289],\r\n                               [9.922606945037842, 53.59968710350653],\r\n                               [9.92290735244751, 53.59854107456167],\r\n                               [9.923121929168701, 53.59747141949549],\r\n                               [9.92316484451294, 53.596783769793795],\r\n                               [9.92315411567688, 53.596261657915264],\r\n                               [9.922875165939331, 53.59641447181589],\r\n                               [9.922789335250854, 53.59629986144224],\r\n                               [9.924978017807007, 53.594631608582105],\r\n                               [9.92512822151184, 53.59473348850792]\r\n                            ]]\r\n                        }\r\n                    }", "opactiy": null, "keepText": false, "keepImg": false}, "model": "stories.basestep", "pk": 22}, {"fields": {"updated": "2017-02-23T19:32:13.608Z", "imageBounds": "", "cameraOptions": "", "name": "Details Schnelsen", "fullText": "[\"Mit dem Bau des ersten Deckels in Schnelsen wurde bereits 2014 begonnen.\"]", "created": "2017-01-12T15:41:23.764Z", "wms": "", "text": "[\"Der Deckel in Schnelsen, H\u00f6he Heidelohstra\u00dfe\"]", "image": "stories/images/13-11-18-schnelsen-2-heidlohstr-park.jpg", "audio": "[\"deckelStory_3.5\"]", "bounds": "[[9.921276569366455,53.628175025243685],[9.92337942123413,53.6329593138972]]", "typeName": "markerText", "time": 8000.0, "lat": 53.6298928509, "lng": 9.9224460125, "identifier": 3.5, "data": "[\"L\u00e4nge: 560m\", \"Anzahl der Fahrstreifen: 6\", \"Bauzeit: 4 Jahre\", \"Kosten: 225 Mio. EUR\"] ", "opactiy": null, "keepText": false, "keepImg": false}, "model": "stories.basestep", "pk": 23}, {"fields": {"updated": "2017-02-08T18:21:21.073Z", "imageBounds": "", "cameraOptions": "", "name": "Altona", "fullText": "", "created": "2017-01-12T15:41:59.705Z", "wms": "", "text": "", "image": "", "audio": "", "bounds": "", "typeName": "polygon", "time": 0.0, "lat": null, "lng": null, "identifier": 3.3, "data": "{\r\n                        \"type\": \"Feature\",\r\n                        \"properties\": {},\r\n                        \"geometry\": {\r\n                            \"type\": \"Polygon\",\r\n                            \"coordinates\": [[   \r\n                               [9.89742636680603, 53.557569232264214],\r\n                               [9.897984266281128, 53.557569232264214],\r\n                               [9.898091554641724, 53.558181044224455],\r\n                               [9.898263216018677, 53.55899677974204],\r\n                               [9.898354411125183, 53.559583079930015],\r\n                               [9.898799657821655, 53.56109977532587],\r\n                               [9.898837208747864, 53.56167330143219],\r\n                               [9.899121522903442, 53.56239975667088],\r\n                               [9.899556040763853, 53.56327276093492],\r\n                               [9.90017831325531, 53.56484030001106],\r\n                               [9.900859594345093, 53.56705132343946],\r\n                               [9.90111708641052, 53.56785414484023],\r\n                               [9.901889562606812, 53.56931957317774],\r\n                               [9.90268349647522, 53.57063204414669],\r\n                               [9.903649091720581, 53.571957216223346],\r\n                               [9.904292821884155, 53.57281091085508],\r\n                               [9.904721975326538, 53.573320571075485],\r\n                               [9.905644655227661, 53.57419972051748],\r\n                               [9.90643858909607, 53.57481129195697],\r\n                               [9.907940626144407, 53.575766854622096],\r\n                               [9.907538294792175, 53.57594522392763],\r\n                               [9.90667998790741, 53.5754547065266],\r\n                               [9.905607104301453, 53.57470936399804],\r\n                               [9.90467369556427, 53.57393852585281],\r\n                               [9.904373288154602, 53.57363910559369],\r\n                               [9.903257489204407, 53.57230761535897],\r\n                               [9.902324080467224, 53.57096971212817],\r\n                               [9.902206063270569, 53.57081043511438],\r\n                               [9.901583790779114, 53.569733706765675],\r\n                               [9.900768399238586, 53.568351121879815],\r\n                               [9.900639653205872, 53.56805166205526],\r\n                               [9.900478720664978, 53.567936974752385],\r\n                               [9.899148344993591, 53.565859806442425],\r\n                               [9.899083971977234, 53.56572599762435],\r\n                               [9.898987412452698, 53.565573072742446],\r\n                               [9.898901581764221, 53.5654010315894],\r\n                               [9.898890852928162, 53.56515889841071],\r\n                               [9.898837208747864, 53.56480206804184],\r\n                               [9.898751378059387, 53.56433053757989],\r\n                               [9.898601174354553, 53.56360411550035],\r\n                               [9.898515343666077, 53.56303061557249],\r\n                               [9.898504614830017, 53.562527203672005],\r\n                               [9.898493885993958, 53.56236789486061],\r\n                               [9.898279309272764, 53.561698791300856],\r\n                               [9.898075461387633, 53.56089585305864],\r\n                               [9.897828698158262, 53.55965955326853],\r\n                               [9.897549748420715, 53.5581682982322],\r\n                               [9.89742636680603, 53.557569232264214]\r\n                            ]]\r\n                        }\r\n                    }", "opactiy": null, "keepText": false, "keepImg": false}, "model": "stories.basestep", "pk": 24}, {"fields": {"updated": "2017-02-23T19:32:03.566Z", "imageBounds": "", "cameraOptions": "", "name": "Details Stellingen", "fullText": "[\"2016 starteten dann die Bauarbeiten zum zweiten Abschnitt in Stellingen.\"]", "created": "2017-01-12T15:45:30.641Z", "wms": "", "text": "[\"Der Deckel in Stellingen, H\u00f6he Zufahrt Kieler Stra\u00dfe.\"] ", "image": "stories/images/13-10-17-stellingen-3-zufahrt-kielerstr_Adox6w4.jpg", "audio": "[\"deckelStory_3.6\"]", "bounds": "[[9.920525550842285,53.594631608582105],[9.92512822151184,53.60391440806693]]", "typeName": "markerText", "time": 8000.0, "lat": 53.5984392038, "lng": 9.92343306541, "identifier": 3.6, "data": "[\"L\u00e4nge: 890m\", \"Anzahl der Fahrstreifen: 8\", \"Bauzeit: 5 Jahre\", \"Kosten: 272 Mio. EUR\"]", "opactiy": null, "keepText": false, "keepImg": false}, "model": "stories.basestep", "pk": 25}, {"fields": {"updated": "2017-02-23T23:19:13.710Z", "imageBounds": "[[9.836024, 53.662808],[10.092690, 53.645411],[10.202578, 53.457718],[9.759570, 53.452318]]", "cameraOptions": "", "name": "DIe Vision von 1924", "fullText": "[\"Parkanlagen und Gr\u00fcnfl\u00e4chen sollen Naherholung f\u00fcr Jedermann bieten.\"] ", "created": "2017-01-13T11:48:33.788Z", "wms": "", "text": "[\"Gr\u00fcng\u00fcrtelplan 1925\"]", "image": "stories/images/Gr\u00fcng\u00fcrtelplan1925ohnebeschrift_mYlbPgk.png", "audio": "[\"deckelStory_2.1\"]", "bounds": "", "typeName": "image", "time": 4000.0, "lat": null, "lng": null, "identifier": 2.1, "data": "/assets/img/overlay_green.png", "opactiy": null, "keepText": false, "keepImg": false}, "model": "stories.basestep", "pk": 26}, {"fields": {"updated": "2017-02-23T11:29:13.115Z", "imageBounds": "", "cameraOptions": "", "name": "Die Vision von 1924", "fullText": "[\"Der Plan beinhaltet einen Gr\u00fcng\u00fcrtel, der von der Elbe bis zum Volkspark Altona reichen soll und ab 1924 zu gro\u00dfen Teilen umgesetzt wird.\"] ", "created": "2017-01-13T11:50:50.909Z", "wms": "", "text": "[\"Gr\u00fcng\u00fcrtelplan 1925\"]", "image": "stories/images/Gr\u00fcng\u00fcrtelplan1925ohnebeschrift_hFpgKzP.png", "audio": "[\"deckelStory_2.2\"]", "bounds": "", "typeName": "styleLayer", "time": 9700.0, "lat": null, "lng": null, "identifier": 2.2, "data": "[2.1,\"water\", 0.7]", "opactiy": null, "keepText": false, "keepImg": false}, "model": "stories.basestep", "pk": 27}, {"fields": {"updated": "2017-02-23T13:01:47.389Z", "imageBounds": "", "cameraOptions": "", "name": "Auto-Stadt der 50er", "fullText": "[\"Doch in den 60er und 70er Jahren \u00e4ndern sich die Priorit\u00e4ten.\", \"Im Sinne der \\\"autogerechten Stadt\\\" entsteht auf dem Gebiet des Gr\u00fcng\u00fcrtels mit der A7 eine neue Hauptverkehrsader.\", \"Sie durchschneidet Nachbarschaften und Stadtteile und zieht so einen tiefen Graben durch Hamburg.\"]  ", "created": "2017-01-13T11:56:28.599Z", "wms": "", "text": "[\"Elbtunnel und A7 entstehen\", \"Freir\u00e4ume ohne Bebauung werden zur A7\"]", "image": "", "audio": "[\"deckelStory_2.3\"]", "bounds": "", "typeName": "text", "time": 16100.0, "lat": null, "lng": null, "identifier": 2.3, "data": "", "opactiy": null, "keepText": false, "keepImg": false}, "model": "stories.basestep", "pk": 28}, {"fields": {"updated": "2017-02-23T11:28:42.498Z", "imageBounds": "", "cameraOptions": "", "name": "Planung und Verkehr", "fullText": "[\"Bei den  Planungen der A7 in den 70er Jahren rechnete man damit, dass 40.000 Autos t\u00e4glich auf der A7 unterwegs sein w\u00fcrden.\", \"Tats\u00e4chlich jedoch befuhren schon 1975 rund 60.000 Autos die Autobahn, 20.000 Autos mehr als geplant.\", \"Heute sind es mehr als 150.000 Autos - Tendenz steigend \u2013 das sind mehr als drei Mal so viele wie zun\u00e4chst geplant.\"] ", "created": "2017-01-13T11:58:32.670Z", "wms": "", "text": "[\"Planung - Autos t\u00e4glich: \", \"1975 - Autos t\u00e4glich: \", \"2016 - Autos t\u00e4glich: \"]", "image": "", "audio": "[\"deckelStory_2.4\"]", "bounds": "", "typeName": "graphic", "time": 22300.0, "lat": null, "lng": null, "identifier": 2.4, "data": "[\"directions_car\", [40,60,150]]", "opactiy": null, "keepText": false, "keepImg": false}, "model": "stories.basestep", "pk": 29}, {"fields": {"updated": "2017-02-23T13:07:18.172Z", "imageBounds": "", "cameraOptions": "", "name": "Auf den Deckeln ", "fullText": "[\"Mit dem Bau der Deckel \u00fcber der A7 wird nach hundert Jahren nun wieder an der Vision einer gr\u00fcnen Gro\u00dfstadt gearbeitet.\", \"Naherholungsgebiete werden geschaffen, Nachbarschaften verbunden und das \u00fcber den D\u00e4chern von hunderttausend Autos die tagt\u00e4glich Hamburg durchqueren.\"]     ", "created": "2017-01-13T12:01:25.703Z", "wms": "", "text": "[\"Die Vision der Deckelgestaltung in Stellingen.\"]", "image": "stories/images/13-10-17-stellingen-7-park-imbek-1-blk-n.jpg", "audio": "[\"deckelStory_4.1\"]", "bounds": "", "typeName": "text", "time": 14800.0, "lat": null, "lng": null, "identifier": 4.1, "data": "", "opactiy": null, "keepText": false, "keepImg": false}, "model": "stories.basestep", "pk": 30}, {"fields": {"updated": "2017-02-23T13:08:25.736Z", "imageBounds": "", "cameraOptions": "", "name": "Ende", "fullText": "[\"Um einzelne Abschnitte der Geschichte noch einmal anzuh\u00f6ren, klicken Sie unten auf die Zeitleiste an die entsprechende Stelle oder klicken Sie einfach direkt in die Karte und erkunden Sie diese auf eigene Faust. Vielen Dank f\u00fcr Ihr Interesse.\"]", "created": "2017-01-13T12:02:44.128Z", "wms": "", "text": "[\"Quellen: Bilder: DEGES, Matthias Greulich\"]", "image": "", "audio": "[\"deckelStory_4.2\"]", "bounds": "", "typeName": "text", "time": 12600.0, "lat": null, "lng": null, "identifier": 4.2, "data": "", "opactiy": null, "keepText": false, "keepImg": false}, "model": "stories.basestep", "pk": 31}, {"fields": {"updated": "2017-02-23T11:28:25.833Z", "imageBounds": "", "cameraOptions": "", "name": "B\u00fcrgerinitiativen", "fullText": "[\"Die zunehmenden Belastungen durch den Verkehr mobilisieren die Anwohner.\", \"Die B\u00fcrgerinitiative \\\"Ohne Dach ist Krach\\\", ist nur eine von mehreren Initiativen die sich bereits seit Jahrzehnten f\u00fcr L\u00e4rmschutz und einen Autobahndeckel einsetzen.\"]", "created": "2017-02-08T18:07:26.117Z", "wms": "", "text": "[\"Die B\u00fcrgerinitiative \\\"Ohne Dach ist Krach\\\" im Jahr 2008\"]", "image": "stories/images/ohnedachistkrach_ftoeeAV.jpg", "audio": "[\"deckelStory_2.5\"]", "bounds": "[[9.759570,53.452318],[10.202578,53.662808]]", "typeName": "text", "time": 12200.0, "lat": null, "lng": null, "identifier": 2.5, "data": "", "opactiy": null, "keepText": false, "keepImg": false}, "model": "stories.basestep", "pk": 32}, {"fields": {"updated": "2017-02-16T21:41:25.729Z", "imageBounds": "", "cameraOptions": "", "name": "Denkm\u00e4ler", "fullText": "", "created": "2017-02-16T21:41:25.729Z", "wms": "", "text": "", "image": "", "audio": "", "bounds": "", "typeName": "anchor", "time": 2000.0, "lat": null, "lng": null, "identifier": 1.0, "data": "", "opactiy": null, "keepText": false, "keepImg": false}, "model": "stories.basestep", "pk": 33}, {"fields": {"updated": "2017-02-20T22:51:34.556Z", "imageBounds": "", "cameraOptions": "", "name": "denkmal time", "fullText": "", "created": "2017-02-16T21:42:02.169Z", "wms": "", "text": "", "image": "", "audio": "", "bounds": "", "typeName": "timeline", "time": 40000.0, "lat": null, "lng": null, "identifier": 1.1, "data": "[[1100,2010], { \"title\" : \"\", \"desc\": \"Die Karte zeigt die Denkm\u00e4ler Hamburgs (Daten: Geoportal Hamburg).\", \"entries\" : [[\"Baudenkmal\", \"#E07D16\"],[\"Gartendenkmal\", \"#DC0700\"],[\"Gesch\u00fctztes Gew\u00e4sser\", \"#7F0200\"],[\"Ensemble\", \"#BA20A7\"],[\"Welterbe\", \"#2686A8\"]]}]", "opactiy": null, "keepText": false, "keepImg": false}, "model": "stories.basestep", "pk": 34}, {"fields": {"updated": "2017-02-23T20:08:26.361Z", "imageBounds": "", "cameraOptions": "", "name": "W\u00e4hle Stadtteil", "fullText": "[\"Jeder Stadtteil ist einzigartig!\"]", "created": "2017-02-20T11:46:01.990Z", "wms": "", "text": "", "image": "", "audio": "", "bounds": "", "typeName": "chooseQuarter", "time": 10000.0, "lat": null, "lng": null, "identifier": 2.1, "data": "", "opactiy": null, "keepText": false, "keepImg": false}, "model": "stories.basestep", "pk": 35}, {"fields": {"updated": "2017-02-23T18:55:34.569Z", "imageBounds": "", "cameraOptions": "", "name": "Denkmal Stadtteil", "fullText": "", "created": "2017-02-20T17:26:18.988Z", "wms": "", "text": "", "image": "", "audio": "", "bounds": "", "typeName": "anchor", "time": 10300.0, "lat": null, "lng": null, "identifier": 2.0, "data": "", "opactiy": null, "keepText": false, "keepImg": false}, "model": "stories.basestep", "pk": 36}, {"fields": {"updated": "2017-02-23T22:24:43.137Z", "imageBounds": "", "cameraOptions": "", "name": "\u00dcbersicht Deckel", "fullText": "[\"Hier sehen Sie nun noch einmal die Deckel in Stellingen, Schnelsen und Altona im \u00dcberblick.\"]", "created": "2017-02-21T10:02:15.681Z", "wms": "", "text": "", "image": "", "audio": "[\"deckelStory_3.9\"]", "bounds": "[[9.778591247233322,53.52767940064274],[10.077798133271386,53.676417597173696]]", "typeName": "d3Graphic", "time": 5200.0, "lat": 53.591237, "lng": 9.891422, "identifier": 3.9, "data": "{ \r\n    \"functions\": [\"three\"], \r\n    \"data\" :[\r\n        {\"area\": \"Stellingen \", \"value\": 890, \"dauer\": 5, \"anzFahrstreifen\": 3, \"baubeginn\": 2003  },\r\n        {\"area\": \"Altona\", \"value\": 2230, \"dauer\": 5, \"anzFahrstreifen\": 4, \"baubeginn\": 2009},\r\n        {\"area\": \"Schnelsen \", \"value\": 560, \"dauer\": 4, \"anzFahrstreifen\": 5, \"baubeginn\": 2006}\r\n    ]\r\n}", "opactiy": null, "keepText": false, "keepImg": false}, "model": "stories.basestep", "pk": 37}, {"fields": {"updated": "2017-02-23T20:08:48.735Z", "imageBounds": "", "cameraOptions": "", "name": "Neustadt", "fullText": "", "created": "2017-02-23T20:07:51.525Z", "wms": "", "text": "[\"Neustadt ganz besonders\"]", "image": "", "audio": "", "bounds": "", "typeName": "selectedQuarter", "time": 15000.0, "lat": null, "lng": null, "identifier": 2.2, "data": "Neustadt", "opactiy": null, "keepText": false, "keepImg": false}, "model": "stories.basestep", "pk": 38}, {"fields": {"headline": "", "story": 1}, "model": "stories.anchor", "pk": 1}, {"fields": {"headline": "", "story": 1}, "model": "stories.anchor", "pk": 6}, {"fields": {"headline": "", "story": 1}, "model": "stories.anchor", "pk": 7}, {"fields": {"headline": "", "story": 1}, "model": "stories.anchor", "pk": 12}, {"fields": {"headline": "", "story": 2}, "model": "stories.anchor", "pk": 33}, {"fields": {"headline": "", "story": 2}, "model": "stories.anchor", "pk": 36}, {"fields": {"anchor": 1}, "model": "stories.substep", "pk": 2}, {"fields": {"anchor": 1}, "model": "stories.substep", "pk": 3}, {"fields": {"anchor": 1}, "model": "stories.substep", "pk": 5}, {"fields": {"anchor": 7}, "model": "stories.substep", "pk": 8}, {"fields": {"anchor": 7}, "model": "stories.substep", "pk": 9}, {"fields": {"anchor": 1}, "model": "stories.substep", "pk": 14}, {"fields": {"anchor": 7}, "model": "stories.substep", "pk": 20}, {"fields": {"anchor": 7}, "model": "stories.substep", "pk": 21}, {"fields": {"anchor": 7}, "model": "stories.substep", "pk": 22}, {"fields": {"anchor": 7}, "model": "stories.substep", "pk": 23}, {"fields": {"anchor": 7}, "model": "stories.substep", "pk": 24}, {"fields": {"anchor": 7}, "model": "stories.substep", "pk": 25}, {"fields": {"anchor": 6}, "model": "stories.substep", "pk": 26}, {"fields": {"anchor": 6}, "model": "stories.substep", "pk": 27}, {"fields": {"anchor": 6}, "model": "stories.substep", "pk": 28}, {"fields": {"anchor": 6}, "model": "stories.substep", "pk": 29}, {"fields": {"anchor": 12}, "model": "stories.substep", "pk": 30}, {"fields": {"anchor": 12}, "model": "stories.substep", "pk": 31}, {"fields": {"anchor": 6}, "model": "stories.substep", "pk": 32}, {"fields": {"anchor": 33}, "model": "stories.substep", "pk": 34}, {"fields": {"anchor": 36}, "model": "stories.substep", "pk": 35}, {"fields": {"anchor": 7}, "model": "stories.substep", "pk": 37}, {"fields": {"anchor": 36}, "model": "stories.substep", "pk": 38}]