[{"fields": {"updated": "2017-01-12T14:56:52.846Z", "subtitle": "Hamburg auf dem Weg zur\u00fcck zur gr\u00fcnen Gro\u00dfstadt", "description": "In einem der gr\u00f6\u00dften Infrastrukturprojekte Deutschlands setzt Hamburg der A7 drei gr\u00fcne Deckel auf. Damit sollen die Belastungen f\u00fcr die AnwohnerInnen zur\u00fcckgehen und neuer lebenswerter Stadtraum auf und neben der A7 geschaffen werden.", "created": "2016-12-31T12:31:04.152Z", "image": "stories/images/deckel_start.jpg", "explanation": "Eine interaktive Reise von Autos, L\u00e4rm und Abgasen zur neuen \"gr\u00fcnen Lunge\" Hamburgs...", "slug": "der-hamburger-deckel", "name": "Der Hamburger Deckel"}, "model": "stories.story", "pk": 1}, {"fields": {"updated": "2017-01-11T09:38:21.141Z", "subtitle": "Hier ist auch was los", "description": "Aber nicht so viel wie beim Deckel. Geh lieber da hin!", "created": "2017-01-11T09:38:21.141Z", "image": "stories/images/20131019_175538.jpg", "explanation": "Schickes foto wa?", "slug": "zweite-story", "name": "Zweite Story"}, "model": "stories.story", "pk": 2}, {"fields": {"updated": "2017-02-01T08:48:18.443Z", "imageBounds": "", "cameraOptions": "{\r\n    \"pitch\" : 40\r\n}", "name": "Einf\u00fchrung", "fullText": "[\"Hallo und herzlich willkommen\"]", "created": "2016-12-31T12:39:37.499Z", "wms": "[\"http://geodienste.hamburg.de/HH_WMS_Strassenverkehr?format=image/png&service=WMS&version=1.3.0&request=GetMap&crs=EPSG:25832&layers=1&styles=default&width=512&height=512&transparent=true\", \"1.4\", \"water\"]", "text": "", "image": "", "audio": "", "bounds": "[[9.897682,53.557371],[9.923065,53.646240]]", "typeName": "anchor", "time": 4000.0, "lat": null, "lng": null, "identifier": 1.0, "data": "", "opactiy": null, "keepText": false, "keepImg": false}, "model": "stories.basestep", "pk": 1}, {"fields": {"updated": "2017-01-31T13:03:19.160Z", "imageBounds": "", "cameraOptions": "", "name": "Die A7", "fullText": "[\"Die A7 durchzieht n\u00f6rdlich des Elbtunnels auf einer L\u00e4nge von insgesamt 24 km die Stadt Hamburg.\"] \r\n", "created": "2016-12-31T13:06:42.025Z", "wms": null, "text": "[\"24km\"]", "image": "", "audio": "[\"1.1.ogg\"]", "bounds": "", "typeName": "line", "time": 7000.0, "lat": null, "lng": null, "identifier": 1.1, "data": "{\r\n                        \"type\": \"Feature\",\r\n                        \"properties\": {},\r\n                        \"geometry\": {\r\n                            \"type\": \"LineString\",\r\n                            \"coordinates\": [\r\n                                [9.897732, 53.557608],\r\n                                [9.897682, 53.557371],\r\n                                [9.904083, 53.572896],\r\n                                [9.910806, 53.577305],\r\n                                [9.914940, 53.580883],\r\n                                [9.916021, 53.584515],\r\n                                [9.916024, 53.589176],\r\n                                [9.923065, 53.594986],\r\n                                [9.918809, 53.606699],\r\n                                [9.912617, 53.618197],\r\n                                [9.930266, 53.646240]\r\n                            ]\r\n                        }\r\n                    }", "opactiy": null, "keepText": false, "keepImg": false}, "model": "stories.basestep", "pk": 2}, {"fields": {"updated": "2017-02-01T19:02:34.082Z", "imageBounds": "", "cameraOptions": "", "name": "Betroffene Stadtteile", "fullText": "[\"Besonders betroffen sind die Stadtteile Othmarschen, Gro\u00df Flottbek, Bahrenfeld, Stellingen, EIdelstedt und Schnelsen.\"]", "created": "2017-01-01T10:17:25.696Z", "wms": "", "text": "", "image": "", "audio": "[\"1.2schnell.ogg\"]", "bounds": "", "typeName": "quarters", "time": 13000.0, "lat": null, "lng": null, "identifier": 1.2, "data": "[\"Othmarschen\", \"Gro\u00df Flottbek\", \"Bahrenfeld\", \"Stellingen\", \"Eidelstedt\", \"Schnelsen\"]", "opactiy": null, "keepText": false, "keepImg": false}, "model": "stories.basestep", "pk": 3}, {"fields": {"updated": "2017-01-31T13:52:31.125Z", "imageBounds": "", "cameraOptions": "", "name": "Verkehrbelastung", "fullText": "[\"Bis zu 152.000 Fahrzeuge fahren t\u00e4glich \u00fcber die A7\", \"Bereits jetzt sind die Grenzen der Belastung f\u00fcr Stra\u00dfe, Autofahrer und Anwohner \u00fcberschritten.\", \"Verkehrsexperten erwarten jedoch noch weitere Steigerungen auf 165.000 Fahrzeuge im Jahr 2026.\"]", "created": "2017-01-01T10:20:22.708Z", "wms": null, "text": "[\"2016 - Autos t\u00e4glich:\", \"2026 - Autos t\u00e4glich:\"]", "image": "", "audio": "[\"1.3.ogg\", \"1.3.2.ogg\", \"1.3.3.ogg\"]", "bounds": "", "typeName": "graphic", "time": 28000.0, "lat": null, "lng": null, "identifier": 1.3, "data": "[\"directions_car\", [152,165]]", "opactiy": null, "keepText": false, "keepImg": false}, "model": "stories.basestep", "pk": 5}, {"fields": {"updated": "2017-02-01T13:37:58.990Z", "imageBounds": "", "cameraOptions": "", "name": "Geschichte", "fullText": "[\"Vor rund 100 Jahren entsteht die Vision von Altona als gr\u00fcne Gro\u00dfstadt\"]  ", "created": "2017-01-01T10:48:46.336Z", "wms": "", "text": "", "image": "", "audio": "", "bounds": "[[9.759570,53.452318],[10.202578,53.662808]]", "typeName": "anchor", "time": 1000.0, "lat": null, "lng": null, "identifier": 2.0, "data": "", "opactiy": null, "keepText": false, "keepImg": false}, "model": "stories.basestep", "pk": 6}, {"fields": {"updated": "2017-02-01T13:36:15.285Z", "imageBounds": "", "cameraOptions": "", "name": "Die A7 bekommt einen Deckel", "fullText": "[\"Der Bund plant den Ausbau der A7 auf 6 bzw. 8 Spuren. \"]", "created": "2017-01-01T10:49:06.657Z", "wms": "", "text": "", "image": "stories/images/stellingen-teaser-bild.jpg", "audio": "", "bounds": "", "typeName": "anchor", "time": 3000.0, "lat": null, "lng": null, "identifier": 3.0, "data": "", "opactiy": null, "keepText": false, "keepImg": false}, "model": "stories.basestep", "pk": 7}, {"fields": {"updated": "2017-02-02T15:19:14.706Z", "imageBounds": "", "cameraOptions": "", "name": "Einf\u00fchrung", "fullText": "[\"Hamburg und der Bund bauen als zus\u00e4tzlichen L\u00e4rmschutz drei Deckel \u00fcber die A7 auf insgesamt 3.680 Meter.\"]", "created": "2017-01-09T16:07:26.280Z", "wms": "", "text": "[\"IMAGE\"]", "image": "", "audio": "", "bounds": "", "typeName": "text", "time": 5000.0, "lat": null, "lng": null, "identifier": 3.4, "data": "", "opactiy": null, "keepText": false, "keepImg": true}, "model": "stories.basestep", "pk": 8}, {"fields": {"updated": "2017-02-02T15:33:21.425Z", "imageBounds": "", "cameraOptions": "", "name": "Details Altona", "fullText": "[\"Der Bau des Altonaer Deckels soll voraussichtlich im Jahr 2020 starten.\"]", "created": "2017-01-09T16:15:54.829Z", "wms": "", "text": "", "image": "", "audio": "", "bounds": "[[9.89742636680603,53.557569232264214],[9.907940626144407,53.57594522392763]]", "typeName": "markerText", "time": 15000.0, "lat": 53.5693195732, "lng": 9.90188956261, "identifier": 3.7, "data": "[\"L\u00e4nge: 2230m\", \"Anzahl der Fahrstreifen: 8\", \"Bauzeit: 5 Jahre\", \"Kosten Hamburg: xxx\"]", "opactiy": null, "keepText": false, "keepImg": false}, "model": "stories.basestep", "pk": 9}, {"fields": {"updated": "2017-01-23T17:43:51.978Z", "imageBounds": "", "cameraOptions": "", "name": "Vision", "fullText": "[\"Bereits beim Bau der A7 1971 gab es die Vision eines Autobahndeckels In Stellingen - der aber aufgrund der hohen Kosten nicht realisiert wurde.\", \"Auch in anderen Stadtteilen formierten sich B\u00fcrgerinitiativen 'Ohne Dach ist Krach', die sich seit 1984 f\u00fcr L\u00e4rmschutz und Autobahndeckel einsetzen.\"]   ", "created": "2017-01-10T17:31:12.295Z", "wms": null, "text": "", "image": "", "audio": null, "bounds": "[[9.759570,53.452318],[10.202578,53.662808]]", "typeName": "anchor", "time": 1000.0, "lat": null, "lng": null, "identifier": 4.0, "data": "", "opactiy": null, "keepText": false, "keepImg": false}, "model": "stories.basestep", "pk": 12}, {"fields": {"updated": "2017-02-01T13:48:48.004Z", "imageBounds": "", "cameraOptions": "", "name": "L\u00e4rmkarte", "fullText": "[\"Die Verkehrsteilnehmer sind durch Staus und Unf\u00e4lle belastet - die Anwohner plagen L\u00e4rm und Abgase.\", \"F\u00fcr mehr Ruhe uns lebenswertere Stadtteile werden jetzt drei Deckel \u00fcber die A7 gebaut.\"]", "created": "2017-01-12T15:14:59.176Z", "wms": "", "text": "", "image": "", "audio": "[\"1.4.ogg\"]", "bounds": "", "typeName": "wms", "time": 14000.0, "lat": null, "lng": null, "identifier": 1.4, "data": "[\"http://geodienste.hamburg.de/HH_WMS_Strassenverkehr?format=image/png&service=WMS&version=1.3.0&request=GetMap&crs=EPSG:25832&layers=1&styles=default&width=512&height=512&transparent=true\", \"water\", { \"title\" : \"L\u00e4rmpegel\", \"desc\": \"Die Karte zeigt die durchschnittlichen L\u00e4rmwerte des Verkehrs in Hamburg (Daten: Geoportal Hamburg).\", \"entries\" : [[\"55-60 Dezibel\", \"#E07D16\"],[\"60-65 Dezibel\", \"#DC0700\"],[\"65-70 Dezibel\", \"#7F0200\"],[\"70-75 Dezibel\", \"#BA20A7\"],[\"\u00fcber 75 Dezibel\", \"#2686A8\"]]}]", "opactiy": null, "keepText": false, "keepImg": false}, "model": "stories.basestep", "pk": 14}, {"fields": {"updated": "2017-02-03T12:56:56.558Z", "imageBounds": "", "cameraOptions": "", "name": "Fakten Deckel", "fullText": "[\"Die Kosten f\u00fcr den Bau der Stra\u00dfe  und gesetzlich erforderlichen L\u00e4rmschutz tr\u00e4gt der Bund, Hamburg zahlt die zus\u00e4tzlichen Kosten.\"]  ", "created": "2017-01-12T15:39:58.316Z", "wms": "", "text": "", "image": "", "audio": "", "bounds": "", "typeName": "d3Graphic", "time": 20000.0, "lat": 53.591237, "lng": 9.891422, "identifier": 3.8, "data": "{ \r\n    \"functions\": [\"barchart\", \"shuffledBarchart\", \"superSpecialHighway\"], \r\n    \"data\" :[\r\n        {\"area\": \"Stellingen \", \"value\": 890, \"dauer\": 5, \"anzFahrstreifen\": 3, \"baubeginn\": 2003  },\r\n        {\"area\": \"Altona\", \"value\": 2230, \"dauer\": 5, \"anzFahrstreifen\": 4, \"baubeginn\": 2009},\r\n        {\"area\": \"Schnelsen \", \"value\": 560, \"dauer\": 4, \"anzFahrstreifen\": 5, \"baubeginn\": 2006}\r\n    ]\r\n}", "opactiy": null, "keepText": false, "keepImg": false}, "model": "stories.basestep", "pk": 20}, {"fields": {"updated": "2017-02-02T15:29:35.392Z", "imageBounds": "", "cameraOptions": "", "name": "Schnelsen", "fullText": "", "created": "2017-01-12T15:40:26.686Z", "wms": "", "text": "", "image": "", "audio": "", "bounds": "", "typeName": "polygon", "time": 0.0, "lat": null, "lng": null, "identifier": 3.1, "data": "{\r\n                        \"type\": \"Feature\",\r\n                        \"properties\": {},\r\n                        \"geometry\": {\r\n                            \"type\": \"Polygon\",\r\n                            \"coordinates\": [[                          \r\n                               [9.921834468841551, 53.62822592478627],\r\n                               [9.9221670627594, 53.62930752555257],\r\n                               [9.922446012496948, 53.629892850876594],\r\n                               [9.922617673873901, 53.63047816808135],\r\n                               [9.922767877578735, 53.63105075314268],\r\n                               [9.923003911972046, 53.63168694965337],\r\n                               [9.92337942123413, 53.632857526169715],\r\n                               [9.922864437103271, 53.6329593138972],\r\n                               [9.922617673873901, 53.63183963538856],\r\n                               [9.922252893447876, 53.63064358234165],\r\n                               [9.921866655349731, 53.629383872794435],\r\n                               [9.921566247940063, 53.628709467378954],\r\n                               [9.921276569366455, 53.628175025243685],\r\n                               [9.921834468841551, 53.62822592478627]\r\n                            ]]\r\n                        }\r\n                    }", "opactiy": null, "keepText": false, "keepImg": false}, "model": "stories.basestep", "pk": 21}, {"fields": {"updated": "2017-02-02T15:30:21.258Z", "imageBounds": "", "cameraOptions": "", "name": "Stellingen", "fullText": "", "created": "2017-01-12T15:41:22.986Z", "wms": "", "text": "", "image": "", "audio": "", "bounds": "", "typeName": "polygon", "time": 0.0, "lat": null, "lng": null, "identifier": 3.2, "data": "{\r\n                        \"type\": \"Feature\",\r\n                        \"properties\": {},\r\n                        \"geometry\": {\r\n                            \"type\": \"Polygon\",\r\n                            \"coordinates\": [[   \r\n                               [9.92512822151184, 53.59473348850792],\r\n                               [9.924269914627075, 53.5953192933139],\r\n                               [9.924012422561644, 53.59586688611359],\r\n                               [9.923819303512573, 53.59688564452994],\r\n                               [9.92364764213562, 53.597369546171876],\r\n                               [9.923433065414429, 53.598439203817485],\r\n                               [9.92316484451294, 53.599610702544155],\r\n                               [9.922993183135986, 53.60032377281948],\r\n                               [9.92215633392334, 53.60223372318374],\r\n                               [9.921126365661621, 53.60391440806693],\r\n                               [9.920525550842285, 53.603608833971556],\r\n                               [9.921555519104004, 53.6019281369289],\r\n                               [9.922606945037842, 53.59968710350653],\r\n                               [9.92290735244751, 53.59854107456167],\r\n                               [9.923121929168701, 53.59747141949549],\r\n                               [9.92316484451294, 53.596783769793795],\r\n                               [9.92315411567688, 53.596261657915264],\r\n                               [9.922875165939331, 53.59641447181589],\r\n                               [9.922789335250854, 53.59629986144224],\r\n                               [9.924978017807007, 53.594631608582105],\r\n                               [9.92512822151184, 53.59473348850792]\r\n                            ]]\r\n                        }\r\n                    }", "opactiy": null, "keepText": false, "keepImg": false}, "model": "stories.basestep", "pk": 22}, {"fields": {"updated": "2017-02-02T15:33:42.290Z", "imageBounds": "", "cameraOptions": "", "name": "Details Schnelsen", "fullText": "[\"Seit 2014 wird in Schnelsen der erste Deckel-Abschnitt gebaut.\"]", "created": "2017-01-12T15:41:23.764Z", "wms": "", "text": "", "image": "", "audio": "", "bounds": "[[9.921276569366455,53.628175025243685],[9.92337942123413,53.6329593138972]]", "typeName": "markerText", "time": 15000.0, "lat": 53.6298928509, "lng": 9.9224460125, "identifier": 3.5, "data": "[\"L\u00e4nge: 560m\", \"Anzahl der Fahrstreifen: 6\", \"Bauzeit: 4 Jahre\", \"Kosten Hamburg: xxx\"] ", "opactiy": null, "keepText": false, "keepImg": false}, "model": "stories.basestep", "pk": 23}, {"fields": {"updated": "2017-02-02T15:30:45.626Z", "imageBounds": "", "cameraOptions": "", "name": "Altona", "fullText": "", "created": "2017-01-12T15:41:59.705Z", "wms": "", "text": "", "image": "", "audio": "", "bounds": "", "typeName": "polygon", "time": 0.0, "lat": null, "lng": null, "identifier": 3.3, "data": "{\r\n                        \"type\": \"Feature\",\r\n                        \"properties\": {},\r\n                        \"geometry\": {\r\n                            \"type\": \"Polygon\",\r\n                            \"coordinates\": [[   \r\n                               [9.89742636680603, 53.557569232264214],\r\n                               [9.897984266281128, 53.557569232264214],\r\n                               [9.898091554641724, 53.558181044224455],\r\n                               [9.898263216018677, 53.55899677974204],\r\n                               [9.898354411125183, 53.559583079930015],\r\n                               [9.898799657821655, 53.56109977532587],\r\n                               [9.898837208747864, 53.56167330143219],\r\n                               [9.899121522903442, 53.56239975667088],\r\n                               [9.899556040763853, 53.56327276093492],\r\n                               [9.90017831325531, 53.56484030001106],\r\n                               [9.900859594345093, 53.56705132343946],\r\n                               [9.90111708641052, 53.56785414484023],\r\n                               [9.901889562606812, 53.56931957317774],\r\n                               [9.90268349647522, 53.57063204414669],\r\n                               [9.903649091720581, 53.571957216223346],\r\n                               [9.904292821884155, 53.57281091085508],\r\n                               [9.904721975326538, 53.573320571075485],\r\n                               [9.905644655227661, 53.57419972051748],\r\n                               [9.90643858909607, 53.57481129195697],\r\n                               [9.907940626144407, 53.575766854622096],\r\n                               [9.907538294792175, 53.57594522392763],\r\n                               [9.90667998790741, 53.5754547065266],\r\n                               [9.905607104301453, 53.57470936399804],\r\n                               [9.90467369556427, 53.57393852585281],\r\n                               [9.904373288154602, 53.57363910559369],\r\n                               [9.903257489204407, 53.57230761535897],\r\n                               [9.902324080467224, 53.57096971212817],\r\n                               [9.902206063270569, 53.57081043511438],\r\n                               [9.901583790779114, 53.569733706765675],\r\n                               [9.900768399238586, 53.568351121879815],\r\n                               [9.900639653205872, 53.56805166205526],\r\n                               [9.900478720664978, 53.567936974752385],\r\n                               [9.899148344993591, 53.565859806442425],\r\n                               [9.899083971977234, 53.56572599762435],\r\n                               [9.898987412452698, 53.565573072742446],\r\n                               [9.898901581764221, 53.5654010315894],\r\n                               [9.898890852928162, 53.56515889841071],\r\n                               [9.898837208747864, 53.56480206804184],\r\n                               [9.898751378059387, 53.56433053757989],\r\n                               [9.898601174354553, 53.56360411550035],\r\n                               [9.898515343666077, 53.56303061557249],\r\n                               [9.898504614830017, 53.562527203672005],\r\n                               [9.898493885993958, 53.56236789486061],\r\n                               [9.898279309272764, 53.561698791300856],\r\n                               [9.898075461387633, 53.56089585305864],\r\n                               [9.897828698158262, 53.55965955326853],\r\n                               [9.897549748420715, 53.5581682982322],\r\n                               [9.89742636680603, 53.557569232264214]\r\n                            ]]\r\n                        }\r\n                    }", "opactiy": null, "keepText": false, "keepImg": false}, "model": "stories.basestep", "pk": 24}, {"fields": {"updated": "2017-02-02T15:33:28.931Z", "imageBounds": "", "cameraOptions": "", "name": "Details Stellingen", "fullText": "[\"2016 starteten die Bauarbeiten zum zweiten Deckel-Abschnitt in Stellingen.\"]", "created": "2017-01-12T15:45:30.641Z", "wms": "", "text": "", "image": "", "audio": "", "bounds": "[[9.920525550842285,53.594631608582105],[9.92512822151184,53.60391440806693]]", "typeName": "markerText", "time": 15000.0, "lat": 53.5984392038, "lng": 9.92343306541, "identifier": 3.6, "data": "[\"L\u00e4nge: 890m\", \"Anzahl der Fahrstreifen: 8\", \"Bauzeit: 5 Jahre\", \"Kosten Hamburg: xxx\"]", "opactiy": null, "keepText": false, "keepImg": false}, "model": "stories.basestep", "pk": 25}, {"fields": {"updated": "2017-02-01T13:38:09.272Z", "imageBounds": "[[9.836024, 53.662808],[10.092690, 53.645411],[10.202578, 53.457718],[9.759570, 53.452318]]", "cameraOptions": "", "name": "DIe Vision von 1924", "fullText": "[\"Parkanlagen und Gr\u00fcnfl\u00e4chen sollen Naherholung f\u00fcr Jedermann bieten. Hierf\u00fcr werden Gr\u00fcng\u00fcrtel ohne Bebauung geplant.\"] ", "created": "2017-01-13T11:48:33.788Z", "wms": "", "text": "[\"Naherholung durch Parks und Gr\u00fcnfl\u00e4chen\", \"Gr\u00fcng\u00fcrtel ohne Bebauung\"]", "image": "", "audio": "", "bounds": "", "typeName": "image", "time": 3000.0, "lat": null, "lng": null, "identifier": 2.1, "data": "/assets/img/overlay_green.png", "opactiy": null, "keepText": false, "keepImg": false}, "model": "stories.basestep", "pk": 26}, {"fields": {"updated": "2017-02-01T13:38:18.589Z", "imageBounds": "", "cameraOptions": "", "name": "Die Vision von 1924", "fullText": "[\"So wurde 1924 ein Gr\u00fcng\u00fcrtel von der Elbe bis zum Altonaer Volkspark geplant und auch teilweise realisiert.\"] ", "created": "2017-01-13T11:50:50.909Z", "wms": "", "text": "[\"Naherholung durch Parks und Gr\u00fcnfl\u00e4chen\", \"Gr\u00fcng\u00fcrtel ohne Bebauung\"]", "image": "", "audio": "", "bounds": "", "typeName": "styleLayer", "time": 3000.0, "lat": null, "lng": null, "identifier": 2.2, "data": "[2.1,\"water\", 0.7]", "opactiy": null, "keepText": false, "keepImg": false}, "model": "stories.basestep", "pk": 27}, {"fields": {"updated": "2017-02-01T13:38:27.831Z", "imageBounds": "", "cameraOptions": "", "name": "Auto-Stadt der 50er", "fullText": "[\"Im Zeichen der \\\"autogerechten Stadt\\\" ensteht auf dem geplanten Gr\u00fcng\u00fcrtel in den 60er und 70er Jahren mit dem Elbtunnel und der A7 eine neue Hauptverkehrsader mitten durch Hamburg\"]  ", "created": "2017-01-13T11:56:28.599Z", "wms": "", "text": "[\"Elbtunnel und A7 entstehen\", \"Freir\u00e4ume ohne Bebauung werden zur A7\"]", "image": "", "audio": "", "bounds": "", "typeName": "text", "time": 1000.0, "lat": null, "lng": null, "identifier": 2.3, "data": "", "opactiy": null, "keepText": false, "keepImg": false}, "model": "stories.basestep", "pk": 28}, {"fields": {"updated": "2017-02-01T13:38:36.307Z", "imageBounds": "", "cameraOptions": "", "name": "Planung und Verkehr", "fullText": "[\"Bei den Planungen der A7 Anfang der 70er Jahre rechnete man mit 40.000 Autos, 1975 fuhren tats\u00e4chlich schon 60.000 Autos \u00fcber die Stra\u00dfe.\", \"Bis heute erh\u00f6hte sich die Verkehrsbelastung kontinuierlich auf \u00fcber 150.000 Fahrzeuge.\"] ", "created": "2017-01-13T11:58:32.670Z", "wms": "", "text": "[\"Planung: 40.000 Autos/Tag\", \"1975: 60.000 Autos/Tag\", \"2016 150.000 Autos/Tag\"]", "image": "", "audio": "", "bounds": "", "typeName": "text", "time": 2000.0, "lat": null, "lng": null, "identifier": 2.4, "data": "", "opactiy": null, "keepText": false, "keepImg": false}, "model": "stories.basestep", "pk": 29}, {"fields": {"updated": "2017-02-02T15:52:20.787Z", "imageBounds": "", "cameraOptions": "", "name": "Akteure", "fullText": "[\"Die Ausbaupl\u00e4ne des Bundes zur A7 begreift die Stadt Hamburg als einmalige Chance drei Deckel \u00fcber die Autobahn zu bauen.\", \"Die Projektplanung \u00fcbernimmt die DEGES GmbH, ein Zusammenschluss aus Bund und L\u00e4ndern\",  \"Im Rahmen einer \u00f6ffentlichen privaten Partnerschaft \u00fcbernimmt die \\\"Via Solutions Nord GmbH & Co. KG\\\" den Bau und den Betrieb und Unterhaltung des A7-Abschnitts f\u00fcr 30 Jahre.\"]     ", "created": "2017-01-13T12:01:25.703Z", "wms": "", "text": "[\"Seit 45 Jahren fordern B\u00fcrgerinitiativen den Bau eines Autobahndeckels\"]", "image": "", "audio": "", "bounds": "", "typeName": "text", "time": 2000.0, "lat": null, "lng": null, "identifier": 4.1, "data": "", "opactiy": null, "keepText": false, "keepImg": false}, "model": "stories.basestep", "pk": 30}, {"fields": {"updated": "2017-01-23T18:38:53.295Z", "imageBounds": "", "cameraOptions": "", "name": "Freifl\u00e4chen", "fullText": "[\"Auf den Deckeln entsteht rund 200.000 Quadratmeter Platz und damit eine Fl\u00e4che so gro\u00df wie die Binnenalster f\u00fcr \u00f6ffentliche Parks, Fu\u00df- und Radwege, Sportanlagen und Kleing\u00e4rten.\"]", "created": "2017-01-13T12:02:44.128Z", "wms": null, "text": "[\"Schnelsen: 29.000 qm\", \"Stellingen 54.300 qm\", \"Altona: 135.000qm\"]", "image": "", "audio": null, "bounds": "", "typeName": "text", "time": 3000.0, "lat": null, "lng": null, "identifier": 4.2, "data": "", "opactiy": null, "keepText": false, "keepImg": false}, "model": "stories.basestep", "pk": 31}, {"fields": {"headline": "", "story": 1}, "model": "stories.anchor", "pk": 1}, {"fields": {"headline": "", "story": 1}, "model": "stories.anchor", "pk": 6}, {"fields": {"headline": "", "story": 1}, "model": "stories.anchor", "pk": 7}, {"fields": {"headline": "", "story": 1}, "model": "stories.anchor", "pk": 12}, {"fields": {"anchor": 1}, "model": "stories.substep", "pk": 2}, {"fields": {"anchor": 1}, "model": "stories.substep", "pk": 3}, {"fields": {"anchor": 1}, "model": "stories.substep", "pk": 5}, {"fields": {"anchor": 7}, "model": "stories.substep", "pk": 8}, {"fields": {"anchor": 7}, "model": "stories.substep", "pk": 9}, {"fields": {"anchor": 1}, "model": "stories.substep", "pk": 14}, {"fields": {"anchor": 7}, "model": "stories.substep", "pk": 20}, {"fields": {"anchor": 7}, "model": "stories.substep", "pk": 21}, {"fields": {"anchor": 7}, "model": "stories.substep", "pk": 22}, {"fields": {"anchor": 7}, "model": "stories.substep", "pk": 23}, {"fields": {"anchor": 7}, "model": "stories.substep", "pk": 24}, {"fields": {"anchor": 7}, "model": "stories.substep", "pk": 25}, {"fields": {"anchor": 6}, "model": "stories.substep", "pk": 26}, {"fields": {"anchor": 6}, "model": "stories.substep", "pk": 27}, {"fields": {"anchor": 6}, "model": "stories.substep", "pk": 28}, {"fields": {"anchor": 6}, "model": "stories.substep", "pk": 29}, {"fields": {"anchor": 12}, "model": "stories.substep", "pk": 30}, {"fields": {"anchor": 12}, "model": "stories.substep", "pk": 31}]